{"file_hashes":[{"block_hashes":["E7xNWxD+DvZojv7Y/a98HKWy+CrrJHinFs34DLNnkaE=","shvW0r/333DpmrJDWXKtiNk/rzub8y8JeaQeRSuvbCY="],"block_size":4096,"path":"background.js"},{"block_hashes":["CFNCxZI9Q6XveMwWa0n5lsEKP6xiZz9O8FsMbs3dIxc="],"block_size":4096,"path":"fonts/fonts.css"},{"block_hashes":["AvnISMSayEr9n7sz4k7Al4+wduNxBPzc7z7HYwPBESo=","5ld4T8moQD5d/BxKTx9OjlepI6mLAv7GY3mySzQh67s=","8LanxQLkfqeRB3jeLoe5NhLnNTE2DDtFQcORJ1///Ko=","E9Dl1miO9KxwRI7hBV86qlwg/l9V/9t2vyRCeOCu4b0=","G7rnR6Xt7Tf+wwVvb/zrrL6qC5ZkwzDvfVAa5msUNTg=","evhIYKnPXBdw8o5uZBGkoYIIdZZFBKNHHolaTtapoeQ=","FH+hLsORSmzxC8H+dy16BS3vRXpVoIBU+ulThK/k8jc=","CCRyAL/k1BV1Lvej23pvVTXDmpKP14WhNpjUpG0HlG0=","MOCcnqHoG3mtZFinCH+rIZcchDuVaWCHenXbQTCWcJc=","UppBckbI4K8QaDNxbFLfbAVLIgMbUvVo2ZnEp0L+HLQ=","FjxfGebTuh/RFh4atBbNzF3s6qdeeVi90aSutu6e15s=","X5DmdaCQJP4crbIvk/LrzMwbPPQK83jt/Td+83hg/tI=","SohnN0mypHRGrHKHPHV2fBmR5+gP+tH9bKJd0s3qdPM=","VeaBRb6zTSqArH5NPh4K7A0NYe+o7t9Dsv7UIS13E74=","GO4ZU8n392Dr5uDj9hEbmrUMp1RDgENcw7tPqAwLAjY=","7JBzYQw3CxqtfFN9zmdbSAVuHakfsfmHDAYOxcjQB1I=","ZBevatM+hfAh6miQ6cDqXOPQzeJfWxYG5A1LdT5N2qQ=","3wH3xxVD81E5xcrYzIk4opOBQUoRjP8oKrfixeXpWDs=","oGpLVGOclUrMGx3xmDgvdRERrKJf1vR9vlWkZMYEfJ4=","NrhqUdWlJ5ks7416jiltvA1C41MiK28/B029bSKQ68A=","MBrzfdvVH3yQyrg1jdfKTICSns9Ela1iVNGEzF2nECg=","Algu0QH3P5OgNTpbOz5pDSMWHpIL8iBBjbXvo+h74nc=","bWm3ocLGtn9P0xQ+r6dYR7zIz56f/QqgXijpxinBrL0=","WF6GQbQUpHBHQCfDEuSlDJCcrjLuYeekgbCw/yv9/pc=","+LfHDGNR/0m5iARuQBr9Cgox5TzG3fNEkraEtDrAQGg=","2PsCZ1l21WnbU9GEhap0UFBqTqR4jNfGlnXRE/DMfdI="],"block_size":4096,"path":"fonts/Inter-Bold.woff2"},{"block_hashes":["VE9Kau8kT1L5I/7Yw1X39rXIHhPrJyEb6qAMf+kKIE4=","CniqPDQHtMilyaEfZg+Ti1ijejXl2N7/v45HZkD9y1o=","tkO8VnTPzpQL8exbUsBNNQKMzLL+J/j31FJngUnNfCo=","w2rEmC98K10+aY5y6aKI6bidIw3t86mJ7kmokYXNDE0=","jy5kXHHKnsjRhxpW2JMhhZJvzDMZMm84Kzz+rOZjM80=","LhxQUJ/ZAO+R9DWlI9z1Kr8lVA/5C8pPZzjko2inlRU=","I7J7JhoDPGorbIXD09ItnVS4SPo/HKd4kRLzVJ4xzJE=","Aveick/IuPZB0QCU7re/DMdT9Ge/jkDdpzbP3pELnIQ=","jWx9f2xmvKk6WuxEO0YdcJ+kJVKrJ8HkcG66PNF+S4Q=","Eh4TYe79aDTfPRd5Oc6KyF60waE3H+54n+9ZQWMiab8=","jNt6or1ZHLUPIrmdqEi4FyVwrryL0J1UaGSKu8fNFNw=","Ah767QqFJmCHDT4j2p4duU4JuaM20uICTRBujTZQG3o=","zTKPKSKadA61o+4iDUX5KS3mX2sb++4wiUcpj9+vxAc=","jM1nV/bjYHNc/lcSWe3MaySLNatswN6LNBznlOCjBGU=","9v0p25DZr6Nxa0c84FL5OnTNTOYPS5jQjaEJIxtgMEQ=","Dt6SA9MJvPaeVSZZE3q+M82BWhUV1SOc8eZgrEHXbh4=","awWSYpTVCVohND5dpaBkwQgDaGmN5RfIDnL3aC7W6XA=","jB0L7peA1JuzRcgeIh7MIhOks9IrHawbvohT9W1veao=","lAWKY3nGNgM/yhrT3SKxoxlOjMmyfApxhRMeeNGdKj0=","d+YjFaA9uFq0x/l2sf/bGtxCFxtUrlH9Wv6k0T+2MGI=","Spx+Fffooj69g3gGP4qkXtJgK0DUgszAvV+WDsCq2CU=","59nOgIYDcesjmtwA3xvR0Et6bxCGSNgx4VquJsTDpas=","Uo1kREz5LFqHNPdc5pHB4rA8n+okRccJbcjDmQT6a8U=","M03WyEImMl0fa1gtB2hbMmQX2aRVPhO0/XCcmicTjl0=","TW9FOsHqnkj1fWkb5hFLo1rHj0VtXCzTER2ehHc2n5o=","VASOKPlkXo8YK6n6t09Eout9UA+e206/pGKxj5zFDrA=","l7KqDOolIDSFRajoMMbl4e0zYT3lJbauc/FXszjn3Ek=","vOnD7OO7QcdNd8Y3U64mRN3iPkyhijbWg80ojiPW/rY="],"block_size":4096,"path":"fonts/Inter-BoldItalic.woff2"},{"block_hashes":["YzAJ1qzvc+/K/WjdMSoHZN3+XcmDuYGHBvo5Ber3lVM=","L7uPonIKWGBGBNNqtqYukz6H74GXljgdFDJx3Q8HO0I=","+yb+XtQL/ey31IYr41kTQgZdJyuHAZfhEiGGOhXu4DY=","U+ZokcsYwXDCCH7GvQgnaYgND9H/aZ/LaRLH8mILJK4=","sjbFGqqBoHgEU2gnQbVqdz0ALWYaNH9qcfebXhuclSg=","MOxlXEAN2N9JoShs/LguxZ+CI6OHpaE4qcJKibcMduw=","PTAypW+xgAn0DksJ/ZcXc6rjqetQDkmX5jqyz9MoAhY=","WwBBFGk+CxMX6QS1ab2vPc2iX3SSAk/I08HSEH/UeLk=","9oF2pVaJnnumheeQYlpVySQZ7pTHNNoi3i8CqlORoEc=","pxrLIkAZxFAwLVWwJccua9bKHwTPwz/pHqcqn+gDy+0=","dQ8OLZtI/0Su71s1fE2wBe3NvpnanA/541Fhgnlp/+0=","gVv+qDuHZGOxGU+8cTO39A7Vj/RsRjl1UmjcUIp9C8I=","tZIbi9hHch0Sf5IeIrSOmlHHuBIIZ2xg6nZ4YnAlQ1Y=","y9E+Ls1MU3EFW143zMxVxrKM40NZ2UNPiQsfcPV4mU4=","bOcniCn+Bp5lBBUiRVpsEvPAJY/To/H4fC82oPdlQGM=","hgOzih67LDgc/xkZ6lvJ+l0/NOwq8yuRLam+pqG+ln0=","2tbW2mvy+LI8EprdVLI59w3xDlNpBU0fmkDy05Mue8U=","nZGXlsmLe7tAKpaiSIFvngf2/SOnmdlpay1BCfKN4uk=","cu8p5fj3BslJ4ejklsOQIpIArPQIBcN2haeTs7CNEjo=","bhceD5bU2Rz2q5dLHvqE4frrk2B/xR9I52ICm6CNBv8=","kjQ7EDMuDmvRdW3exXkOYarl3TsLSoEY3uL5MuJdkHk=","QtVW3+e3UvxW0otFPzVsR/b4VmFLi/1MDM+8lFsDJ20=","VVqxVKKzxbX9Rfyyu01zY3P9x/JhNjqxxPQp/TEdPEk=","NZGDXJHHbEzIagszAuqfX5Tk8EXDEEIF9Muf8uGpOTs=","JcjnW/ql841BGrd1Wjw8aSMOdl44qMKGpxAHVzahgHY=","eMHDHy/c6SZLbUPuUFOaPzFgptzFWHird9P0CJFbBgU=","e5za/CdITx7AEKDrDYgzxzT0AGtW8cegdStnfeTapzc="],"block_size":4096,"path":"fonts/Inter-Italic.woff2"},{"block_hashes":["AinaFyiQuu9QByxqtC9dz/Elnp4HmTKUocbvEwYtXJ8=","PlGmT6Jsoo2RJATwac467uDBWo8kQqIDgjQAvXixGhw=","Q8fVmePClNTFwDi128c/YxM1TevgS2PbLEXpRvWK1Y8=","OAo7hlfVXLieCxyRW8MnSDz/BZ1v+yMHENasiPkMowU=","1nVZH4Zd5TUIXGFs9ltSrKEj57c5wr3ESDJ/hOL93uk=","h960vYc3LPCQpR1GW9cNxqa6xytsdEphOZRmJN7zTdQ=","gIEC5CToRicFa38C268dkxYwlm/+tfMIaVBEkXHEmHs=","t4m33YmspWARp1zb5q/NRMecN8w0lD34/KNXV4jdDyU=","PPsSmgAwn8LnaBTRo6exDkjgfi9d9pJ2cc2+NHr5M0A=","SXqtY/SjqUFcRf4gcsf0t8RYOVKOLKtdPdrG8lILDTA=","g7e28AcM66zsk1N2qqDvT5qoNRxIuCY4ytBPBJTnEAk=","JpYvkqabrBbkT31emJMsyiOUspGLmEd5zKJ3UkhvkNY=","6t1chL076Z6x4jwGMbdfzzJolXlrj/1C9ZS6HCmmZtc=","JwZEcOx88Wp4qCB9ryKuoZegGm6D0ZE/buMZvKAU6aU=","LQJRAcJgy+U4rRA3fElzTFtiU5l0VFan4wRzvW2L7AQ=","RocXbB+BQdlL00wwh4ubJhSKqLK5yxf7gxVpmPTl9+E=","Bf9Vc2EMLlozdMezvyyJNBArlgF+3BYiijfwuTE229c=","N5I/09Dm226V4Pkw8f8lwo13kefh6Xu70CZO9XEAFvw=","FdHBFpHkD6WKA78mFz8Q36Bd9vs/p9xfj0ptSUq/tPY=","drlyPKYD133bFeHHjxCmiB23fwbcTdSe+HcBSy/uqPA=","5CGgTuJRp9PbB+C5JIenaefyf13xNfsm+a4/YPJKopw=","YfoyfGnqDYkrejnCWFYIPIDR+cac+/KLuzw8mkxBCBk=","4aHhPGarKazKCQOdc8g0bqi9qiKRsnS2wbKRoH3tB4M=","mZv7hfelvJa1RWzj4iLw3kSw+yXbipnpBSAudJfTdIQ=","yfrR59rgJepEUB4DrwXTxg3lO5y3+yK1n3kzHMIjYeY="],"block_size":4096,"path":"fonts/Inter-Regular.woff2"},{"block_hashes":["7CSu4hKi5SMTLlshPLGiw6FMe+aj7T87aRa3xZYryvo=","BqTN6yobvyWUlVHE7CqDBn141kazkps8NN2piFFneEY=","Xk7EwWhAQJ+ro/bGcURBbHsf4B8zjjYljrE6Gun0p/M=","IZThEvdZXqns5pRGFo8LFXzLqdfeSwMdIBZg5NyRG/g=","m0tQjdnAosJwoSI/7myR28IAzvRizrrR40JV9ll9Oj0=","D8+rWopfVHrxGl7ews5qIzKGHzgZF7WsuFk7sxh+m70=","M9e8fLaiAyvPdxbIdjwa7huQKVkiCcsR3u4uMDhJVB0=","pGxZMN1rOrAts+hhYOvs1fERdL9hegUeMJG52mh8g/g=","Kgm/LYovY9HuIKwIXc3cEzZAl+2OSUVvMP+F84vGyvo=","UpaNxn5jmtDscTiwNm5wtM8eb495AJe1yjGUwKh3GvM=","o00fHnSUuQ0KMgL/KH/T2aslMQgPMgzUsLQUdxKrjLY=","t0VGQDrChuGHBWM9yhRlnc+Csv2/6o8SRK9gAtBLYuU=","m2ExQrCCV6buMrJRuy9lDHXE3cVqrXFB1dB7rqhzvEM=","SCuDYKYkvfrE1HKdZX43GwC2S213qzb9ajWXnspfk2I=","iXJoEXK2OAtk8FaktbZ4ffCmRRM2b6fdiyLPlD9085U="],"block_size":4096,"path":"fonts/JetBrainsMono-Bold.woff2"},{"block_hashes":["oZdtpaWy5nKhQtBZOZpBWQodR27Vi0+fAHxvqVUsyAk=","6OacUujVUkJcBhVe6ItkYnLXeeRkCvoLp51VSB3suVQ=","LdSLJurZghP2J1Ffx9LLaUcIrpl8s3xHSN4KlDxVR80=","8XSIccXHEGatWnj5jcSGOQwyXNfzb21F+rtKlaz2lxo=","eaq81TuXrbEde+XA92mShy7DQ9OxB2WiOKCK92rdEWA=","TfCFCXuDItMuGe6UI8F0MzXWL60utZh9qzm8eUEWy3c=","VOWqLJOi5ZrodIPsJFYo+VFUz9Zv/ympQPxFe+ZAWzc=","T/SS6Zy2+NsCUtx2+uz1jp1PBCtYHNcrbVJCRBuyWec=","pSBlnxqLEPOvx82v44Tcv4se4u285PfiCtG12RoQMlo=","yqJBiHIjBgcrDfLXmNusNHazXAKUc7uENo6+WOe48B4=","oTsx1TP84I38/GSnDNzhfxOgQ45mdKjHVcy2HonvnoA=","oG0tPUZxiWIl+tupHIb7rDdZnURoVAsbSDoE5RYquYQ=","0UW+9Km59ryye1XORUrjOD7njWR8Y2mP/OKTpaKdAGA=","mFvBV63PDxqbxLM3+/N2qYuKqvExTKAqfgs32QREEG8=","/MyiozRQSmOtdyfKk5223DTVn6NR+hnuAyxCpB6bzF8=","J6pV9bFJXfwvrd25ml3R69p5IqMO52iYPamFtRKMeqE="],"block_size":4096,"path":"fonts/JetBrainsMono-BoldItalic.woff2"},{"block_hashes":["Deje0l9xkRGXLaaIr3Et0NrEE9WqUtZ7oQ6H0aA5zDY=","sTUEKjpc+4gokaTIOFOx91JFuF0z5j3ixjwQq9VBxKc=","PHEWhs8FQ9jgxVriP6S04oDzWXWhvS0Vh8Pdh1AnkOg=","frfCImku0nlSIuXpnrjRIqVRUfWZI5MxA08bT8kjJB4=","AURA/s1OO4rSoLLskOhemi+ud8RIcBuTk9kgMeNpHwQ=","+jXo1duhXE8e8vyiQZU6bKNiLQjFilzAOU0CXzdzDCE=","DBhGoVY4CftKY07fWqdD7SKodykn3cou1nLV82kH474=","G85auTi51/utvlcbZhLi3i1wND0l1HSn+Iuh5oLRDIw=","AFqekJip2B7WmC56zQKf4VN+6s40AmiEjygqKMjPzks=","inChqcF0vJaQBi/dv6Ev/YrtwvpFRvBGeSvhZ+AQ2Gw=","8+bKEYFt+o6yDr4FoL4vOhXvNnXKbGhxqoo0CVq1uTc=","3WN5EIk+HY2OCmk2LnWobn3JmZO8z3iU5e8lnjse8xE=","z4KP4+XgNl0wurAxCCK09f6C6X/dXXzYSpYsk165l+c=","oi33fcZ00Q+jIgalDnn+8wISFkvODxtq5etKVPo5GsU=","//j00gecw3NSbIYYjJep3Rebw6fstO7iGLODvGc/xpc="],"block_size":4096,"path":"fonts/JetBrainsMono-Italic.woff2"},{"block_hashes":["XuCQQPWDqhDWLq6LlYaXZA6udQdjsGSTR9jD49c0zLM=","m3eS/NyRRMjwu+eFKJ9a0ucerGyZ9yMhJPgq2I1GHpU=","g1sM2paeNMhUO94R6gSFu8c5DnTaIf/Ep9bOwCVJjio=","vMWipVzHhCOnwsbOMqce7WBgr75rM+81ElOtutdIoWg=","Efa7t8yYWPDSjIu8DE/MQpA4zBptBwEmBSxGeEZrho8=","FhZQDGFw3AtNPTPb6HGf15g1FuwbBOG9VNKwLdJyZCs=","jtslcWOk1W6wp4ePt4H4SPptwjEybEHmWBKOvKfg1g8=","/T6AUXbxev2HnlwJFoj68iB6DFByOR9RVNLXe57j7X4=","bBSDUZfsGPqhpTZiw8rSVSEmfNtgUcWEE+G7tCEKhb4=","0eRNSwOAv2o++Y/Wz8pSaiX/a3KUj1gGrMZ0OYuazEI=","rHwdp+xeqmfOIJ/l1HJAy/NV05miwVk4uPlAUTcGSTg=","+dwB4v/wTBapkpzn9s1ONF8fwvQCNCz+cINvduRcw0Q=","xdndNSNc5zbwElxytJAwluOkye/JnXZUQvGXNR+x5+A=","XDJwSj3QuFJDq73aBInt3yQT1g2Zt91X3xFeTbzEbIM=","ZrJeV5nBnsHBxY6hrPBRcvOJRxnZnHmJIqulyPgDC84="],"block_size":4096,"path":"fonts/JetBrainsMono-Regular.woff2"},{"block_hashes":["2GfwzkNwXQ3HKaSSWr0wnCIWAU7lBm7dmvmJ1hixE7k=","zgnPkdrr1I8BTzbcWsDrMIiyaV5YdwT/f0TtO588vn8="],"block_size":4096,"path":"icon/icon128-active.png"},{"block_hashes":["/KEnXl8jzgSeDKHXbMMdWGOgAfOfs5BRo25OZ90bGlc="],"block_size":4096,"path":"icon/icon16-active.png"},{"block_hashes":["5T39hkUuW642wj6vVyuz6avb+hdvyBcM7hhyRky+y/4="],"block_size":4096,"path":"icon/icon32-active.png"},{"block_hashes":["HxW8cledlSTe/rjOIPMMf5Nekjf1ZST4UM8Yuze92aQ="],"block_size":4096,"path":"icon/icon48-active.png"},{"block_hashes":["sv6QaUP5FGXuey0CntrR+pgb8rkJmD08ntfxrlu6SmQ=","cabt19Wkiu/7w5CSuIqoeI0wsJAwxley7M8RhLTME0k=","Rm8m1ngTijHpxEnciUZFSnwJnWsNNtJgaHZ9P1VU6+g=","tkZ8Q0Pvhz5GRWIkGTOdWqR5aM7v5TqocELYP6ccP1Q=","UrwCPOE9cjqe2VRl8ImA5D0cvSNo9/TNzKPfhk1BQ9A=","608trPz3gR4Y8oAIRrnXkkYH7HpHv1CDAxQUHdP6zlM=","pwsBh8x2RzeM1lhg+bCTrJNQZ32qKruMVJL3ruYvSRw=","MNvmlEyCRYJA8VAM6bClhGMQ+jz3B/mNVYCoAGGkbBk=","VhCy18z5oPD7c5lhpflGbRAgrUiZ2X5cvBf4WIk304M=","D12t8EdeO6ziNhCMdkBq4sd4LIHgo8NHXE4CXMfu9SU=","ePv9adREKMlKtC4Ira0rVJlttb3lsV8h/6AA8iAII+U=","1mw24hb03SKFUIl5u9oEafHOEFPOXtkp31Wg8wEq2No=","9SwSvpniQ1WEIUm6Yg9RVPgvYY5Suqyy47vCJZJrtsQ=","mVGshi60HHlfsmj/Clhtj9JWGMkAgxh+TPFkATuf3Xc=","bIVyPXX9zPMPboakBMmvFVSmVC8k7NLYcV/1OFs3pKE=","6VmzGFHVOaAUNS+vn2+pxeYNZxqtdKYQ1Lekt7EI36o=","o55IFlUyM5G3wskcbU4e0ofHAL/OF/2yWIKgerGSGC0=","CiANItj24UEVjLXOvs4W5weruDsfjm/fxJdB7uFMGFo=","h3hueAzzBTJVXsNbhD4Btv4S/mmzn6snoXjqjtVJWrQ=","61cNqeXiJdUWhWugjA0z1qOlyHlEfos5Wvl6nVjdIaY=","a523eODzhCuamBYLurMfDfBGn+irPQ0z52sUa2LMYOc=","ZhM3SvCIHNmhgZ9+FpzFmCItkN74PZ0Pd1Y4x3DNFD8=","xpT389YcXFCcCJKPN2ZWnVogjurRDklPnfAD7ca/qXE=","+SeDxmiNwPBHbCS0OpQlEgLnnBURU23xg0tFKIsj6Es=","/J1XhGupquxdmJN3X9/j8TKcQfek1ydBQPfg7IcUJ+g=","XvPIrifW7kccSxQc3Hqx27nkB0YUChuAYdWyXD5utkU=","rrcrL0Mum2h/Ol38tWBS9lZ/FEcoS9tGOLSP5+24e9I=","2a5Ht0AZ0ffWXo4g8m7W0u1xzbzsjAKeHcVcEAxngbQ=","0Em4nWaCUF5b22W2Oq9a4jHlVuBJkZad1J1ABddBlMU=","Z34LnQVsnSNhj0uyHVc5d6BOsXn9ZSKPCvsyGzOqnJA=","F+kzbUZtkzqQDmQprgVDWRkahDXf7DDjlEVnpiKus6Y=","uNwJxdmAGSIXezbQFypYpRKqK1agNDz6qy9pJSiXG3E=","H4/L/Z3ASgln7MHCL0Mh34IEmi+Ox/XoeL6n/UmsPfA=","44AzSmwqC/hPONVmB3ZiRg05gtvfz44c/Kh2ujXIPBA=","fGWdUlD96TdERVqSYQO7DUM73bpFHNTDIpKU5phN5tc=","+cESuOl4sUIQJBx8ng59wvrNJtMK/amot4SsdrtBedo=","JZzWx74bXR0kf7rhZ+jZy1Gy/V07JsrXZhZgdzxKmv0=","GHcB3pRfmioH6VosmpX8KmRBc0YRZUrlIy7BWZVU0jI=","l26MsKmOzUbX1+mOCs0GSDLgVUq4b+57mtwvlcz7qnk=","POy9ngoRPTXnMfS4JEZB7EBAbnJfuxc/fttMAmGpIBs=","6YYpbATMVNA3Cb9ZyRehi3mEungpRIQs3XaXSZiso70=","Qf/nTZyn5b0PaMkuqMl0BVtwO/QfAoRyv349KfkQxYw=","4qwGS5sqc6C9Mqwg7153ERxiJ79ncUtDyiD5R9xiX2Q=","jEEGoB4flZw8P2cTMi27AZ9XZF8VYIiI2rMgToBrbtQ=","+42VoSvk3fPQERVywTlmTd7SKsYiLv0Iauu4e5IXMSg=","NszY9tvwKEas2pjSAzuJdK8Fyz4fUNWvcptePQsbprg=","frI4deboUzZlniPysIiHxNbnFvM+iom2p9eVPc17ir4=","NHuTnpyV5PLA9Cd3NcK5ijxG1fYbIiQNPoyJhqghI+k=","Bp95GRec9nqSQ9Ed7nxrLgbbgmHrdGmy6EdfOVR0jfc=","qOMzM8cehCi2pGpv2ehagcySfy/RqVqJzYjkiAX4IX4=","rZEy1UDRYl7n0BLmZKFgaDEJwDxL26ilMfgfdiFL5uo=","nxKiRv2emHE157mcMjEgfPnWzeSy3G8Qez7jy7OHeNI=","aVLAxyKFhiA5EIHse1ibdzEwUSCcGpFm4oS284Pfm8Q=","Eqny1FKTLLkAQm//ZIOdmKhzx/w9mB6rhPXdEgLRWCs=","4kJDGOrPoauQeHdRr82JR8btGHWaaBhLIgjNsHe2AeU=","qXRi6s1Cbi5rdlOuHiaw+ZMp94bBPR8M6/BiUMDK8zQ=","AAMwSK9mHA6XiOu84MlKn7wWu7FU6xqNYATaIOrhyzM=","OoYqnNOw53ebQ2NyLer4UcQUnGIvNHF0lNplFbtbx0s=","wO5ludnSp+OxCcVFXKJxLibLJ+5azIcQ447UzkALc/4=","OC3Pb7M4+8364LUdTa1XxPodSJSWi956XlL8uwFypaI=","RlYqwVDdYZC7Bkz1/4MLb1JZZmGuM0jpQqMsNyO+uBA=","mYh1SFvobIy3eNyy1T9FGbNaqM6vd3V3qWbKtmkXwNQ=","zVJfinfMIHH7w2fWZlbwwtpZFSHneX16qxbprkeRR00=","i6XBEQ5kZBFzgACarTfQIg/bgeqOHbNTqbJXzGWQ/DE=","kMK/Lic72460mOzbTR1iiEpnGXBzhR0rS3JrYH70Vs8=","O9dqdI00ncgMqjRvMCv3LMwvJIWbqLxEM8R/fC0UQgo=","MDxMQU6kPIND6UaFs8AU0H6u7Tusws2/DSWND1ALGHI=","A0c1ufVZbd7sgQeKmqNiytfOjJEUvH95QYSmkrdkJW4=","INDFosXw96OfDVI2t4Wpi2dgppn46E5rcy9Y0qDFbig=","IRZA2KfnNwKgCnA/9/mqebJqhbeW9jXeLwzJAV6ToGk=","ltypq35KjLy8iuoBfI06LieN23eUD9GiUaFrSevamCM=","73NV7sHOTuXaRaiKF9B3XfBu/oY1TIGCMy+/mTZkbXA=","rEpw5SGvjGWkhp2s/swE3lZtKdQ72epPebIA730qIyM=","oouZ1j2ZrMYtOU7b6+NUTl0nY2h75aYYpFIGHk/2hmA=","FQ4oEhZv+vVlZ8ndzsmrp/kHd/b1uuh8nddWtnw+FqU=","VZtH4Vv8SFFCjUYzsYedUgst/icBzMezEtLYfriccgo=","8u3R5dJyIxaTn1tUX1+6r/Lwo4QsSyEvmMELuht/qT8=","lpZ4UaMM8ZVs34zEWkJl1zQ/JRQ+VDnv55HQHViyK68=","OZQEM4zAc9UIpnq7PmUi7YMMweKTIrU/uSpij64wJ4k=","Kyq7Yyi9rktd3nwXz/UEF4lN81gCQUb/dcfVygK1N+o=","HYYVbgbGs8bc5MZ+9fd8NjpbqzMOZDrjUBVL4H8ftLM=","GXuvwfbZ4em8MsbQpzJQ3v85PsSN6Z4XrcUS0xJhrZk=","70OX6IQscQqMnX4DJZAKdfqae+US3o7JwMi23g8joVQ=","5ayUlSbbblCjU4/+mKwPnmahZPBx9t+7RN/Ca/Vy+Lc=","N3mcIF2QHoBYnDFwZh0Bs1FvmFEOkAaUft3Y+7nRER0=","jCPOsBVhV6lrNY9GOid4WJTz47wk10BVFhRQa68rhRA=","x6Pw0KfV/hvMbek1gVf6Js7sSptyt+Picg8wgb49u4Q=","lycP+3GInTMN28qjOUBIQ2WfcMkWoEhT+dJuR3VHzCw=","JPq0f6pjIN81yxJL/4ZRFVzLXpsrQ0by6ifOMHDRmZg=","DmE5x1tmF+9j1qFQH+ayFTwVh8ZXrJBLrXwVm/b/b0c=","TxKHF2dKSm4sqLwM40Qd9OmZCegxwh2Sb1OvFLq4fjE=","wVkW62KwWL7TApWfCF841SXG3agjVHjfZU55I8Svx2M=","rAJWDIUE+zSpwj7eL+k5GO49QoCvLzxSh69hok53UIo=","f3RoV1BngIi3eLVAx8epwoYgnNKxAnv2QnFNOx3E0xU=","qQLwykyj+cQPAgyEqlDvLD8qcQGq2RDdQzrS0yfoX+Y=","7GMeun30E6IpL0qMPagiEnmlVvI9R8cJLPuRPN151Yw=","RNTsCXFKASNaXEFuF1AhZoa347cnxoMcbhDtimLYAKg=","cMo9jR7nzzbL06qYmJMccOlkLy9Ayn6vFTENgFyN73E=","fpKAIrbsqsYrrRSaXGrG2ZGp/l4LVjNn9+gLO/OxZJE=","qwL0CI7DOSl57knuskrgIacSqCydMcIDcTKMFzFU5ZQ=","kn15uvCPfhVrbyKCeSmk3/5XvbfwlrkcvBjWiV2mZg0=","zHiSigojfpnL+g3ydEHC78HPYTs388O12AVOgE1vtIc=","7iDpH8XY1mPzcfKIuWloJat9xj3PpCz0orcBkKwp0fQ=","eSzDXQC0RL6Gh94p77I0ECW7Ihc5sgzNG5fp71/ZMCc=","2acJV+HuTe0300W8Jj/M6ugzF8pMKlfgph/VSOE1v/Y=","O1D6Gw27EntT5yCbnvZIpjdsqaA8AIghERQT5TBhl6Q=","I1Gucq3RJyDfediu/x+tgFejMDkjc3crXCPKYe4Pi7M=","6aFMZFIH2DArU2fcHuZo7f4NjavIINKo9wDWUQEB4nQ="],"block_size":4096,"path":"inpage.js"},{"block_hashes":["OpG637c7DWcTtcT+nor66g1zrIkXwKGDcrQ4J+Cs3w0="],"block_size":4096,"path":"inpage.js.LICENSE.txt"}],"version":2}